"","X.1","X","ons_code","county_code","district_code","local_authority","region","all_admissions","admissions_per_100000","male_admissions","admissions_per_100000_males","female_admissions","admissions_per_100000_females"
"1",1,1340,"E06000047","EJ","00EJ","County Durham","NORTH EAST",4070,770,2460,940,1610,590
"2",2,1341,"E06000005","EH","00EH","Darlington","NORTH EAST",800,760,490,950,310,580
"3",3,1342,"E08000020","CH","00CH","Gateshead","NORTH EAST",1650,810,1040,1040,610,580
"4",4,1343,"E06000001","EB","00EB","Hartlepool","NORTH EAST",690,750,450,1000,240,510
"5",5,1344,"E06000002","EC","00EC","Middlesbrough","NORTH EAST",1280,960,800,1220,490,720
"6",6,1345,"E08000021","CJ","00CJ","Newcastle upon Tyne","NORTH EAST",2040,780,1290,980,750,580
"7",7,1346,"E08000022","CK","00CK","North Tyneside","NORTH EAST",1950,940,1140,1140,810,750
"8",8,1347,"E06000048","EM","00EM","Northumberland","NORTH EAST",2560,760,1540,930,1010,580
"9",9,1348,"E06000003","EE","00EE","Redcar and Cleveland","NORTH EAST",1040,750,600,890,440,620
"10",10,1349,"E08000023","CL","00CL","South Tyneside","NORTH EAST",1440,930,870,1170,570,710
"11",11,1350,"E06000004","EF","00EF","Stockton-on-Tees","NORTH EAST",1400,720,820,870,570,580
"12",12,1351,"E08000024","CM","00CM","Sunderland","NORTH EAST",2880,1030,1790,1320,1090,760
"13",13,1354,"E06000008","EX","00EX","Blackburn with Darwen","NORTH WEST ",1090,780,740,1070,350,500
"14",14,1355,"E06000009","EY","00EY","Blackpool","NORTH WEST ",1570,1090,970,1360,600,830
"15",15,1356,"E08000001","BL","00BL","Bolton","NORTH WEST ",1650,600,1060,790,580,420
"16",16,1357,"E08000002","BM","00BM","Bury","NORTH WEST ",1100,600,710,780,390,420
"17",17,1358,"E06000049","EQ","00EQ","Cheshire East","NORTH WEST ",2020,520,1240,650,780,400
"18",18,1359,"E06000050","EW","00EW","Cheshire West and Chester","NORTH WEST ",1820,530,1190,710,630,360
"19",19,1360,"E10000006","16","","Cumbria","NORTH WEST ",3580,680,2240,850,1350,510
"20",20,1361,"E07000026","16","16UB","Allerdale","NORTH WEST ",740,720,440,860,300,590
"21",21,1362,"E07000027","16","16UC","Barrow-in-Furness","NORTH WEST ",620,880,420,1220,200,550
"22",22,1363,"E07000028","16","16UD","Carlisle","NORTH WEST ",720,640,450,810,280,490
"23",23,1364,"E07000029","16","16UE","Copeland","NORTH WEST ",530,730,320,840,220,620
"24",24,1365,"E07000030","16","16UF","Eden","NORTH WEST ",280,480,170,550,120,400
"25",25,1366,"E07000031","16","16UG","South Lakeland","NORTH WEST ",690,610,450,800,240,410
"26",26,1367,"E06000006","ET","00ET","Halton","NORTH WEST ",990,790,640,1060,340,530
"27",27,1368,"E08000011","BX","00BX","Knowsley","NORTH WEST ",1210,840,780,1140,420,550
"28",28,1369,"E08000012","BY","00BY","Liverpool","NORTH WEST ",3510,780,2330,1050,1180,510
"29",29,1370,"E10000017","30","","Lancashire","NORTH WEST ",8050,670,5040,850,3000,500
"30",30,1371,"E07000117","30","30UD","Burnley","NORTH WEST ",750,870,510,1180,240,560
"31",31,1372,"E07000118","30","30UE","Chorley","NORTH WEST ",710,630,460,820,250,440
"32",32,1373,"E07000119","30","30UF","Fylde","NORTH WEST ",510,620,310,740,200,500
"33",33,1374,"E07000120","30","30UG","Hyndburn","NORTH WEST ",570,730,370,950,200,510
"34",34,1375,"E07000121","30","30UH","Lancaster","NORTH WEST ",1080,780,640,950,430,610
"35",35,1376,"E07000122","30","30UJ","Pendle","NORTH WEST ",570,650,360,830,210,480
"36",36,1377,"E07000123","30","30UK","Preston","NORTH WEST ",940,700,610,910,340,500
"37",37,1378,"E07000124","30","30UL","Ribble Valley","NORTH WEST ",300,500,180,600,120,400
"38",38,1379,"E07000125","30","30UM","Rossendale","NORTH WEST ",470,670,310,900,160,450
"39",39,1380,"E07000126","30","30UN","South Ribble","NORTH WEST ",650,580,410,730,250,430
"40",40,1381,"E07000127","30","30UP","West Lancashire","NORTH WEST ",670,590,420,760,250,430
"41",41,1382,"E07000128","30","30UQ","Wyre","NORTH WEST ",820,680,470,810,350,560
"42",42,1383,"E08000003","BN","00BN","Manchester","NORTH WEST ",3420,800,2300,1100,1120,510
"43",43,1384,"E08000004","BP","00BP","Oldham","NORTH WEST ",1350,630,860,820,490,440
"44",44,1385,"E08000005","BQ","00BQ","Rochdale","NORTH WEST ",1440,700,940,940,490,470
"45",45,1386,"E08000006","BR","00BR","Salford","NORTH WEST ",2130,930,1340,1180,790,680
"46",46,1387,"E08000014","CA","00CA","Sefton","NORTH WEST ",2010,710,1280,930,730,500
"47",47,1388,"E08000013","BZ","00BZ","St. Helens","NORTH WEST ",1490,830,980,1110,510,560
"48",48,1389,"E08000007","BS","00BS","Stockport","NORTH WEST ",1810,630,1140,800,670,450
"49",49,1390,"E08000008","BT","00BT","Tameside","NORTH WEST ",1770,800,1210,1110,570,510
"50",50,1391,"E08000009","BU","00BU","Trafford","NORTH WEST ",1220,540,790,710,430,370
"51",51,1392,"E06000007","EU","00EU","Warrington","NORTH WEST ",1450,710,910,900,550,530
"52",52,1393,"E08000010","BW","00BW","Wigan","NORTH WEST ",2670,830,1590,990,1080,670
"53",53,1394,"E08000015","CB","00CB","Wirral","NORTH WEST ",2690,840,1720,1110,960,580
"54",54,1397,"E08000016","CC","00CC","Barnsley","YORKSHIRE AND THE HUMBER ",1630,690,1000,860,630,520
"55",55,1398,"E08000032","CX","00CX","Bradford","YORKSHIRE AND THE HUMBER ",3530,730,2170,920,1360,550
"56",56,1399,"E08000033","CY","00CY","Calderdale","YORKSHIRE AND THE HUMBER ",1460,710,890,890,570,540
"57",57,1400,"E08000017","CE","00CE","Doncaster","YORKSHIRE AND THE HUMBER ",2150,700,1300,860,850,550
"58",58,1401,"E06000011","FB","00FB","East Riding of Yorkshire","YORKSHIRE AND THE HUMBER ",2000,540,1200,650,800,430
"59",59,1402,"E06000010","FA","00FA","Kingston upon Hull, City of","YORKSHIRE AND THE HUMBER ",2000,800,1250,1010,740,600
"60",60,1403,"E08000034","CZ","00CZ","Kirklees","YORKSHIRE AND THE HUMBER ",2630,630,1550,750,1080,510
"61",61,1404,"E08000035","DA","00DA","Leeds","YORKSHIRE AND THE HUMBER ",4860,660,3180,880,1680,440
"62",62,1405,"E06000012","FC","00FC","North East Lincolnshire","YORKSHIRE AND THE HUMBER ",1060,660,650,820,410,500
"63",63,1406,"E06000013","FD","00FD","North Lincolnshire","YORKSHIRE AND THE HUMBER ",1050,590,650,750,400,450
"64",64,1407,"E10000023","36","","North Yorkshire","YORKSHIRE AND THE HUMBER ",3570,550,2150,670,1410,430
"65",65,1408,"E07000163","36","36UB","Craven","YORKSHIRE AND THE HUMBER ",340,560,190,630,150,500
"66",66,1409,"E07000164","36","36UC","Hambleton","YORKSHIRE AND THE HUMBER ",500,510,290,600,210,430
"67",67,1410,"E07000165","36","36UD","Harrogate","YORKSHIRE AND THE HUMBER ",920,550,530,650,390,460
"68",68,1411,"E07000166","36","36UE","Richmondshire","YORKSHIRE AND THE HUMBER ",260,470,160,530,110,420
"69",69,1412,"E07000167","36","36UF","Ryedale","YORKSHIRE AND THE HUMBER ",290,490,180,610,110,370
"70",70,1413,"E07000168","36","36UG","Scarborough","YORKSHIRE AND THE HUMBER ",780,650,520,900,250,410
"71",71,1414,"E07000169","36","36UH","Selby","YORKSHIRE AND THE HUMBER ",470,530,280,640,190,430
"72",72,1415,"E08000018","CF","00CF","Rotherham","YORKSHIRE AND THE HUMBER ",1760,670,1080,830,680,510
"73",73,1416,"E08000019","CG","00CG","Sheffield","YORKSHIRE AND THE HUMBER ",3570,670,2110,810,1450,540
"74",74,1417,"E08000036","DB","00DB","Wakefield","YORKSHIRE AND THE HUMBER ",2650,800,1580,970,1060,620
"75",75,1418,"E06000014","FF","00FF","York","YORKSHIRE AND THE HUMBER ",1120,560,680,700,440,430
"76",76,1421,"E06000015","FK","00FK","Derby","EAST MIDLANDS",1700,710,1060,900,640,520
"77",77,1422,"E10000007","17","","Derbyshire","EAST MIDLANDS",5060,620,3070,760,1990,490
"78",78,1423,"E07000032","17","17UB","Amber Valley","EAST MIDLANDS",850,650,530,820,320,490
"79",79,1424,"E07000033","17","17UC","Bolsover","EAST MIDLANDS",500,630,310,790,190,480
"80",80,1425,"E07000034","17","17UD","Chesterfield","EAST MIDLANDS",830,780,490,930,340,630
"81",81,1426,"E07000035","17","17UF","Derbyshire Dales","EAST MIDLANDS",450,580,270,660,180,500
"82",82,1427,"E07000036","17","17UG","Erewash","EAST MIDLANDS",730,620,450,770,280,480
"83",83,1428,"E07000037","17","17UH","High Peak","EAST MIDLANDS",560,600,350,760,210,440
"84",84,1429,"E07000038","17","17UJ","North East Derbyshire","EAST MIDLANDS",600,570,360,680,240,450
"85",85,1430,"E07000039","17","17UK","South Derbyshire","EAST MIDLANDS",530,550,310,650,220,450
"86",86,1431,"E06000016","FN","00FN","Leicester","EAST MIDLANDS",1990,680,1320,910,670,460
"87",87,1432,"E10000018","31","","Leicestershire","EAST MIDLANDS",3720,540,2190,640,1530,440
"88",88,1433,"E07000129","31","31UB","Blaby","EAST MIDLANDS",540,540,300,620,230,470
"89",89,1434,"E07000130","31","31UC","Charnwood","EAST MIDLANDS",900,530,510,610,390,460
"90",90,1435,"E07000131","31","31UD","Harborough","EAST MIDLANDS",510,560,310,690,200,420
"91",91,1436,"E07000132","31","31UE","Hinckley and Bosworth","EAST MIDLANDS",640,580,380,680,270,470
"92",92,1437,"E07000133","31","31UG","Melton","EAST MIDLANDS",290,530,170,610,120,450
"93",93,1438,"E07000134","31","31UH","North West Leicestershire","EAST MIDLANDS",530,540,330,660,210,420
"94",94,1439,"E07000135","31","31UJ","Oadby and Wigston","EAST MIDLANDS",300,520,190,650,120,390
"95",95,1440,"E10000019","32","","Lincolnshire","EAST MIDLANDS",4780,620,2930,770,1850,470
"96",96,1441,"E07000136","32","32UB","Boston","EAST MIDLANDS",460,680,300,900,160,470
"97",97,1442,"E07000137","32","32UC","East Lindsey","EAST MIDLANDS",1030,650,620,800,410,510
"98",98,1443,"E07000138","32","32UD","Lincoln","EAST MIDLANDS",690,750,410,910,270,600
"99",99,1444,"E07000139","32","32UE","North Kesteven","EAST MIDLANDS",710,580,430,720,270,450
"100",100,1445,"E07000140","32","32UF","South Holland","EAST MIDLANDS",530,540,330,690,200,400
"101",101,1446,"E07000141","32","32UG","South Kesteven","EAST MIDLANDS",790,560,480,690,310,420
"102",102,1447,"E07000142","32","32UH","West Lindsey","EAST MIDLANDS",580,590,350,740,230,460
"103",103,1448,"E10000021","34","","Northamptonshire","EAST MIDLANDS",4140,590,2490,720,1650,460
"104",104,1449,"E07000150","34","34UB","Corby","EAST MIDLANDS",450,740,290,980,160,500
"105",105,1450,"E07000151","34","34UC","Daventry","EAST MIDLANDS",430,510,240,570,190,450
"106",106,1451,"E07000152","34","34UD","East Northamptonshire","EAST MIDLANDS",470,520,280,620,190,430
"107",107,1452,"E07000153","34","34UE","Kettering","EAST MIDLANDS",620,650,350,760,270,550
"108",108,1453,"E07000154","34","34UF","Northampton","EAST MIDLANDS",1290,630,790,790,510,480
"109",109,1454,"E07000155","34","34UG","South Northamptonshire","EAST MIDLANDS",440,480,270,600,170,360
"110",110,1455,"E07000156","34","34UH","Wellingborough","EAST MIDLANDS",450,580,270,720,180,450
"111",111,1456,"E06000018","FY","00FY","Nottingham","EAST MIDLANDS",2200,830,1440,1090,760,570
"112",112,1457,"E10000024","37","","Nottinghamshire","EAST MIDLANDS",4840,590,2970,730,1870,450
"113",113,1458,"E07000170","37","37UB","Ashfield","EAST MIDLANDS",770,630,480,800,290,470
"114",114,1459,"E07000171","37","37UC","Bassetlaw","EAST MIDLANDS",870,730,500,850,370,620
"115",115,1460,"E07000172","37","37UD","Broxtowe","EAST MIDLANDS",590,500,370,630,220,380
"116",116,1461,"E07000173","37","37UE","Gedling","EAST MIDLANDS",660,550,410,700,250,410
"117",117,1462,"E07000174","37","37UF","Mansfield","EAST MIDLANDS",700,660,440,830,260,490
"118",118,1463,"E07000175","37","37UG","Newark and Sherwood","EAST MIDLANDS",710,580,430,720,270,450
"119",119,1464,"E07000176","37","37UJ","Rushcliffe","EAST MIDLANDS",540,460,350,600,190,320
"120",120,1465,"E06000017","FP","00FP","Rutland","EAST MIDLANDS",180,450,120,600,60,300
"121",121,1468,"E08000025","CN","00CN","Birmingham","WEST MIDLANDS",6330,660,4150,880,2170,440
"122",122,1469,"E08000026","CQ","00CQ","Coventry","WEST MIDLANDS",2460,820,1550,1050,910,600
"123",123,1470,"E08000027","CR","00CR","Dudley","WEST MIDLANDS",2380,740,1460,910,920,570
"124",124,1471,"E06000019","GA","00GA","Herefordshire, County of","WEST MIDLANDS",1050,520,590,590,460,460
"125",125,1472,"E08000028","CS","00CS","Sandwell","WEST MIDLANDS",2220,750,1370,950,850,570
"126",126,1473,"E06000051","GG","00GG","Shropshire","WEST MIDLANDS",1810,540,1080,650,730,430
"127",127,1474,"E08000029","CT","00CT","Solihull","WEST MIDLANDS",1280,600,800,770,480,430
"128",128,1475,"E10000028","41","","Staffordshire","WEST MIDLANDS",6010,670,3500,780,2500,560
"129",129,1476,"E07000192","41","41UB","Cannock Chase","WEST MIDLANDS",650,650,380,770,270,530
"130",130,1477,"E07000193","41","41UC","East Staffordshire","WEST MIDLANDS",840,720,500,870,340,580
"131",131,1478,"E07000194","41","41UD","Lichfield","WEST MIDLANDS",660,590,380,680,280,510
"132",132,1479,"E07000195","41","41UE","Newcastle-under-Lyme","WEST MIDLANDS",1070,840,640,1020,430,670
"133",133,1480,"E07000196","41","41UF","South Staffordshire","WEST MIDLANDS",700,570,440,720,260,420
"134",134,1481,"E07000197","41","41UG","Stafford","WEST MIDLANDS",960,680,540,760,410,600
"135",135,1482,"E07000198","41","41UH","Staffordshire Moorlands","WEST MIDLANDS",690,650,360,700,330,620
"136",136,1483,"E07000199","41","41UK","Tamworth","WEST MIDLANDS",440,580,250,690,190,480
"137",137,1484,"E06000021","GL","00GL","Stoke-on-Trent","WEST MIDLANDS",2360,960,1450,1180,910,740
"138",138,1485,"E06000020","GF","00GF","Telford and Wrekin","WEST MIDLANDS",980,600,600,740,380,460
"139",139,1486,"E08000030","CU","00CU","Walsall","WEST MIDLANDS",1680,630,1020,780,660,490
"140",140,1487,"E10000031","44","","Warwickshire","WEST MIDLANDS",3130,550,1860,660,1270,440
"141",141,1488,"E07000218","44","44UB","North Warwickshire","WEST MIDLANDS",310,460,190,570,120,360
"142",142,1489,"E07000219","44","44UC","Nuneaton and Bedworth","WEST MIDLANDS",790,620,500,810,280,440
"143",143,1490,"E07000220","44","44UD","Rugby","WEST MIDLANDS",610,600,340,660,280,540
"144",144,1491,"E07000221","44","44UE","Stratford-on-Avon","WEST MIDLANDS",660,500,370,560,290,440
"145",145,1492,"E07000222","44","44UF","Warwick","WEST MIDLANDS",770,540,460,660,300,430
"146",146,1493,"E08000031","CW","00CW","Wolverhampton","WEST MIDLANDS",1780,730,1120,930,660,540
"147",147,1494,"E10000034","47","","Worcestershire","WEST MIDLANDS",3470,580,2050,690,1420,470
"148",148,1495,"E07000234","47","47UB","Bromsgrove","WEST MIDLANDS",520,510,320,640,200,390
"149",149,1496,"E07000235","47","47UC","Malvern Hills","WEST MIDLANDS",480,570,280,670,200,470
"150",150,1497,"E07000236","47","47UD","Redditch","WEST MIDLANDS",500,600,310,740,200,470
"151",151,1498,"E07000237","47","47UE","Worcester","WEST MIDLANDS",610,630,360,750,250,510
"152",152,1499,"E07000238","47","47UF","Wychavon","WEST MIDLANDS",730,560,430,660,300,470
"153",153,1500,"E07000239","47","47UG","Wyre Forest","WEST MIDLANDS",620,590,350,680,260,500
"154",154,1503,"E06000055","KB","00KB","Bedford","EAST OF ENGLAND",720,460,470,610,250,310
"155",155,1504,"E10000003","12","","Cambridgeshire","EAST OF ENGLAND",3530,550,2090,660,1430,450
"156",156,1505,"E07000008","12","12UB","Cambridge","EAST OF ENGLAND",710,640,420,770,290,520
"157",157,1506,"E07000009","12","12UC","East Cambridgeshire","EAST OF ENGLAND",420,480,260,610,160,360
"158",158,1507,"E07000010","12","12UD","Fenland","EAST OF ENGLAND",620,620,380,760,240,480
"159",159,1508,"E07000011","12","12UE","Huntingdonshire","EAST OF ENGLAND",1030,580,590,670,440,500
"160",160,1509,"E07000012","12","12UG","South Cambridgeshire","EAST OF ENGLAND",750,490,450,580,300,390
"161",161,1510,"E06000056","KC","00KC","Central Bedfordshire","EAST OF ENGLAND",1300,490,780,600,520,390
"162",162,1511,"E10000012","22","","Essex","EAST OF ENGLAND",6910,470,4150,580,2760,370
"163",163,1512,"E07000066","22","22UB","Basildon","EAST OF ENGLAND",830,480,520,620,310,350
"164",164,1513,"E07000067","22","22UC","Braintree","EAST OF ENGLAND",660,440,380,500,280,370
"165",165,1514,"E07000068","22","22UD","Brentwood","EAST OF ENGLAND",270,350,170,440,110,260
"166",166,1515,"E07000069","22","22UE","Castle Point","EAST OF ENGLAND",480,500,290,620,190,380
"167",167,1516,"E07000070","22","22UF","Chelmsford","EAST OF ENGLAND",810,470,470,550,340,390
"168",168,1517,"E07000071","22","22UG","Colchester","EAST OF ENGLAND",830,480,530,610,310,340
"169",169,1518,"E07000072","22","22UH","Epping Forest","EAST OF ENGLAND",660,510,400,630,260,380
"170",170,1519,"E07000073","22","22UJ","Harlow","EAST OF ENGLAND",550,690,320,850,230,540
"171",171,1520,"E07000074","22","22UK","Maldon","EAST OF ENGLAND",320,470,170,510,140,430
"172",172,1521,"E07000075","22","22UL","Rochford","EAST OF ENGLAND",370,410,220,470,160,340
"173",173,1522,"E07000076","22","22UN","Tendring","EAST OF ENGLAND",740,510,470,660,270,360
"174",174,1523,"E07000077","22","22UQ","Uttlesford","EAST OF ENGLAND",370,440,210,490,170,400
"175",175,1524,"E10000015","26","","Hertfordshire","EAST OF ENGLAND",4960,450,2980,550,1970,350
"176",176,1525,"E07000095","26","26UB","Broxbourne","EAST OF ENGLAND",480,510,280,630,190,400
"177",177,1526,"E07000096","26","26UC","Dacorum","EAST OF ENGLAND",640,440,390,550,250,330
"178",178,1527,"E07000097","26","26UD","East Hertfordshire","EAST OF ENGLAND",550,400,340,500,210,290
"179",179,1528,"E07000098","26","26UE","Hertsmere","EAST OF ENGLAND",490,490,260,550,220,430
"180",180,1529,"E07000099","26","26UF","North Hertfordshire","EAST OF ENGLAND",590,450,390,620,190,290
"181",181,1530,"E07000100","26","26UG","St. Albans","EAST OF ENGLAND",530,390,310,460,230,320
"182",182,1531,"E07000101","26","26UH","Stevenage","EAST OF ENGLAND",360,440,220,550,140,330
"183",183,1532,"E07000102","26","26UJ","Three Rivers","EAST OF ENGLAND",460,510,270,630,180,400
"184",184,1533,"E07000103","26","26UK","Watford","EAST OF ENGLAND",430,510,260,620,170,400
"185",185,1534,"E07000104","26","26UL","Welwyn Hatfield","EAST OF ENGLAND",440,410,260,490,180,330
"186",186,1535,"E06000032","KA","00KA","Luton","EAST OF ENGLAND",1170,640,730,810,440,480
"187",187,1536,"E10000020","33","","Norfolk","EAST OF ENGLAND",5900,640,3590,780,2310,500
"188",188,1537,"E07000143","33","33UB","Breckland","EAST OF ENGLAND",870,620,500,720,370,520
"189",189,1538,"E07000144","33","33UC","Broadland","EAST OF ENGLAND",740,520,440,630,300,420
"190",190,1539,"E07000145","33","33UD","Great Yarmouth","EAST OF ENGLAND",660,660,440,890,220,440
"191",191,1540,"E07000146","33","33UE","King's Lynn and West Norfolk","EAST OF ENGLAND",1090,690,660,830,430,550
"192",192,1541,"E07000147","33","33UF","North Norfolk","EAST OF ENGLAND",770,640,450,730,330,540
"193",193,1542,"E07000148","33","33UG","Norwich","EAST OF ENGLAND",1010,790,650,1050,350,550
"194",194,1543,"E07000149","33","33UH","South Norfolk","EAST OF ENGLAND",750,550,460,670,300,430
"195",195,1544,"E06000031","JA","00JA","Peterborough","EAST OF ENGLAND",1170,660,750,860,420,470
"196",196,1545,"E06000033","KF","00KF","Southend-on-Sea","EAST OF ENGLAND",1090,620,650,750,440,490
"197",197,1546,"E10000029","42","","Suffolk","EAST OF ENGLAND",4800,540,2880,640,1910,440
"198",198,1547,"E07000200","42","42UB","Babergh","EAST OF ENGLAND",490,520,280,590,210,440
"199",199,1548,"E07000201","42","42UC","Forest Heath","EAST OF ENGLAND",360,610,200,670,160,550
"200",200,1549,"E07000202","42","42UD","Ipswich","EAST OF ENGLAND",750,580,450,700,300,450
"201",201,1550,"E07000203","42","42UE","Mid Suffolk","EAST OF ENGLAND",500,470,280,530,220,410
"202",202,1551,"E07000204","42","42UF","St. Edmundsbury","EAST OF ENGLAND",720,620,440,760,280,480
"203",203,1552,"E07000205","42","42UG","Suffolk Coastal","EAST OF ENGLAND",610,430,350,500,260,370
"204",204,1553,"E07000206","42","42UH","Waveney","EAST OF ENGLAND",720,580,440,720,280,460
"205",205,1554,"E06000034","KG","00KG","Thurrock","EAST OF ENGLAND",640,430,430,600,210,280
"206",206,1557,"E09000001","AA","00AA","City of London","LONDON ",50,530,30,510,20,560
"207",207,1558,"E09000002","AB","00AB","Barking and Dagenham","LONDON ",840,530,550,730,290,340
"208",208,1559,"E09000003","AC","00AC","Barnet","LONDON ",1580,480,910,580,660,380
"209",209,1560,"E09000004","AD","00AD","Bexley","LONDON ",1220,530,690,630,530,440
"210",210,1561,"E09000005","AE","00AE","Brent","LONDON ",1350,480,940,680,410,290
"211",211,1562,"E09000006","AF","00AF","Bromley","LONDON ",1520,480,790,520,730,440
"212",212,1563,"E09000007","AG","00AG","Camden","LONDON ",1160,610,730,780,430,440
"213",213,1564,"E09000008","AH","00AH","Croydon","LONDON ",1730,500,1070,650,660,360
"214",214,1565,"E09000009","AJ","00AJ","Ealing","LONDON ",1610,520,1080,710,520,340
"215",215,1566,"E09000010","AK","00AK","Enfield","LONDON ",1430,510,800,600,620,430
"216",216,1567,"E09000011","AL","00AL","Greenwich","LONDON ",1270,560,730,660,540,470
"217",217,1568,"E09000012","AM","00AM","Hackney","LONDON ",1210,600,800,840,410,370
"218",218,1569,"E09000013","AN","00AN","Hammersmith and Fulham","LONDON ",890,600,580,830,310,370
"219",219,1570,"E09000014","AP","00AP","Haringey","LONDON ",1290,610,780,760,510,460
"220",220,1571,"E09000015","AQ","00AQ","Harrow","LONDON ",1000,440,620,550,390,330
"221",221,1572,"E09000016","AR","00AR","Havering","LONDON ",1030,420,660,560,370,290
"222",222,1573,"E09000017","AS","00AS","Hillingdon","LONDON ",1460,560,930,730,530,400
"223",223,1574,"E09000018","AT","00AT","Hounslow","LONDON ",1180,510,780,680,400,350
"224",224,1575,"E09000019","AU","00AU","Islington","LONDON ",1310,780,840,1060,470,520
"225",225,1576,"E09000020","AW","00AW","Kensington and Chelsea","LONDON ",590,400,380,530,210,270
"226",226,1577,"E09000021","AX","00AX","Kingston upon Thames","LONDON ",550,360,340,470,200,260
"227",227,1578,"E09000022","AY","00AY","Lambeth","LONDON ",1490,600,1040,860,450,340
"228",228,1579,"E09000023","AZ","00AZ","Lewisham","LONDON ",1430,590,960,820,470,360
"229",229,1580,"E09000024","BA","00BA","Merton","LONDON ",860,470,560,630,300,330
"230",230,1581,"E09000025","BB","00BB","Newham","LONDON ",1430,580,1010,810,420,350
"231",231,1582,"E09000026","BC","00BC","Redbridge","LONDON ",1270,500,880,710,390,290
"232",232,1583,"E09000027","BD","00BD","Richmond upon Thames","LONDON ",730,410,450,520,280,300
"233",233,1584,"E09000028","BE","00BE","Southwark","LONDON ",1450,600,1000,850,460,360
"234",234,1585,"E09000029","BF","00BF","Sutton","LONDON ",930,490,590,650,340,350
"235",235,1586,"E09000030","BG","00BG","Tower Hamlets","LONDON ",1080,570,760,820,320,330
"236",236,1587,"E09000031","BH","00BH","Waltham Forest","LONDON ",1380,590,960,830,430,350
"237",237,1588,"E09000032","BJ","00BJ","Wandsworth","LONDON ",1210,500,780,670,440,330
"238",238,1589,"E09000033","BK","00BK","Westminster","LONDON ",1020,510,710,710,310,320
"239",239,1592,"E06000036","MA","00MA","Bracknell Forest","SOUTH EAST ",450,410,280,520,170,310
"240",240,1593,"E06000043","ML","00ML","Brighton and Hove","SOUTH EAST ",1740,640,1120,830,620,450
"241",241,1594,"E10000002","11","","Buckinghamshire","SOUTH EAST ",2140,410,1240,490,900,340
"242",242,1595,"E07000004","11","11UB","Aylesbury Vale","SOUTH EAST ",770,430,420,490,350,380
"243",243,1596,"E07000005","11","11UC","Chiltern","SOUTH EAST ",400,410,230,500,170,330
"244",244,1597,"E07000006","11","11UE","South Bucks","SOUTH EAST ",290,420,170,500,120,330
"245",245,1598,"E07000007","11","11UF","Wycombe","SOUTH EAST ",680,400,410,490,270,310
"246",246,1599,"E10000011","21","","East Sussex","SOUTH EAST ",2990,520,1800,640,1200,410
"247",247,1600,"E07000061","21","21UC","Eastbourne","SOUTH EAST ",670,640,410,800,260,480
"248",248,1601,"E07000062","21","21UD","Hastings","SOUTH EAST ",580,630,360,780,230,480
"249",249,1602,"E07000063","21","21UF","Lewes","SOUTH EAST ",470,450,300,580,170,320
"250",250,1603,"E07000064","21","21UG","Rother","SOUTH EAST ",530,500,300,570,230,440
"251",251,1604,"E07000065","21","21UH","Wealden","SOUTH EAST ",740,440,430,520,310,360
"252",252,1605,"E10000014","24","","Hampshire","SOUTH EAST ",6130,450,3790,560,2340,340
"253",253,1606,"E07000084","24","24UB","Basingstoke and Deane","SOUTH EAST ",650,390,410,490,240,290
"254",254,1607,"E07000085","24","24UC","East Hampshire","SOUTH EAST ",460,380,290,490,170,280
"255",255,1608,"E07000086","24","24UD","Eastleigh","SOUTH EAST ",550,430,340,540,210,320
"256",256,1609,"E07000087","24","24UE","Fareham","SOUTH EAST ",510,440,310,520,200,350
"257",257,1610,"E07000088","24","24UF","Gosport","SOUTH EAST ",400,480,240,570,160,390
"258",258,1611,"E07000089","24","24UG","Hart","SOUTH EAST ",370,410,240,510,140,310
"259",259,1612,"E07000090","24","24UH","Havant","SOUTH EAST ",670,530,430,690,240,380
"260",260,1613,"E07000091","24","24UJ","New Forest","SOUTH EAST ",920,470,530,560,380,390
"261",261,1614,"E07000092","24","24UL","Rushmoor","SOUTH EAST ",560,620,360,810,200,440
"262",262,1615,"E07000093","24","24UN","Test Valley","SOUTH EAST ",520,430,330,560,190,300
"263",263,1616,"E07000094","24","24UP","Winchester","SOUTH EAST ",510,420,320,540,190,310
"264",264,1617,"E06000046","MW","00MW","Isle of Wight","SOUTH EAST ",770,530,460,640,310,420
"265",265,1618,"E10000016","29","","Kent","SOUTH EAST ",8130,540,5020,680,3110,410
"266",266,1619,"E07000105","29","29UB","Ashford","SOUTH EAST ",660,550,380,640,290,460
"267",267,1620,"E07000106","29","29UC","Canterbury","SOUTH EAST ",1020,660,600,800,420,520
"268",268,1621,"E07000107","29","29UD","Dartford","SOUTH EAST ",580,610,330,700,250,520
"269",269,1622,"E07000108","29","29UE","Dover","SOUTH EAST ",630,540,410,700,220,380
"270",270,1623,"E07000109","29","29UG","Gravesham","SOUTH EAST ",620,610,390,780,230,460
"271",271,1624,"E07000110","29","29UH","Maidstone","SOUTH EAST ",710,450,470,600,240,300
"272",272,1625,"E07000111","29","29UK","Sevenoaks","SOUTH EAST ",550,450,330,550,220,360
"273",273,1626,"E07000112","29","29UL","Shepway","SOUTH EAST ",790,680,470,830,320,540
"274",274,1627,"E07000113","29","29UM","Swale","SOUTH EAST ",660,480,420,620,240,350
"275",275,1628,"E07000114","29","29UN","Thanet","SOUTH EAST ",870,640,560,840,310,440
"276",276,1629,"E07000115","29","29UP","Tonbridge and Malling","SOUTH EAST ",510,420,340,560,180,280
"277",277,1630,"E07000116","29","29UQ","Tunbridge Wells","SOUTH EAST ",520,450,330,580,190,330
"278",278,1631,"E06000035","LC","00LC","Medway","SOUTH EAST ",1190,460,760,590,430,330
"279",279,1632,"E06000042","MG","00MG","Milton Keynes","SOUTH EAST ",1330,580,830,740,500,420
"280",280,1633,"E10000025","38","","Oxfordshire","SOUTH EAST ",3550,540,2080,640,1470,440
"281",281,1634,"E07000177","38","38UB","Cherwell","SOUTH EAST ",730,510,430,620,300,410
"282",282,1635,"E07000178","38","38UC","Oxford","SOUTH EAST ",910,680,560,850,350,510
"283",283,1636,"E07000179","38","38UD","South Oxfordshire","SOUTH EAST ",680,490,390,570,290,410
"284",284,1637,"E07000180","38","38UE","Vale of White Horse","SOUTH EAST ",660,520,390,610,280,430
"285",285,1638,"E07000181","38","38UF","West Oxfordshire","SOUTH EAST ",560,510,310,570,250,450
"286",286,1639,"E06000044","MR","00MR","Portsmouth","SOUTH EAST ",1140,580,760,790,380,380
"287",287,1640,"E06000038","MC","00MC","Reading","SOUTH EAST ",670,480,420,610,240,350
"288",288,1641,"E06000039","MD","00MD","Slough","SOUTH EAST ",600,510,410,700,190,320
"289",289,1642,"E06000045","MS","00MS","Southampton","SOUTH EAST ",1530,690,980,890,550,490
"290",290,1643,"E10000030","43","","Surrey","SOUTH EAST ",4910,420,3070,540,1840,310
"291",291,1644,"E07000207","43","43UB","Elmbridge","SOUTH EAST ",480,370,310,490,180,260
"292",292,1645,"E07000208","43","43UC","Epsom and Ewell","SOUTH EAST ",280,370,180,490,100,250
"293",293,1646,"E07000209","43","43UD","Guildford","SOUTH EAST ",480,350,300,440,180,260
"294",294,1647,"E07000210","43","43UE","Mole Valley","SOUTH EAST ",380,410,240,530,140,300
"295",295,1648,"E07000211","43","43UF","Reigate and Banstead","SOUTH EAST ",660,470,400,580,260,370
"296",296,1649,"E07000212","43","43UG","Runnymede","SOUTH EAST ",340,410,220,540,120,290
"297",297,1650,"E07000213","43","43UH","Spelthorne","SOUTH EAST ",520,520,310,640,200,410
"298",298,1651,"E07000214","43","43UJ","Surrey Heath","SOUTH EAST ",450,510,290,660,160,370
"299",299,1652,"E07000215","43","43UK","Tandridge","SOUTH EAST ",410,470,240,550,170,380
"300",300,1653,"E07000216","43","43UL","Waverley","SOUTH EAST ",490,390,300,480,190,290
"301",301,1654,"E07000217","43","43UM","Woking","SOUTH EAST ",410,430,270,560,140,300
"302",302,1655,"E06000037","MB","00MB","West Berkshire","SOUTH EAST ",600,390,360,460,240,310
"303",303,1656,"E10000032","45","","West Sussex","SOUTH EAST ",4250,500,2580,620,1670,380
"304",304,1657,"E07000223","45","45UB","Adur","SOUTH EAST ",410,640,230,730,180,550
"305",305,1658,"E07000224","45","45UC","Arun","SOUTH EAST ",940,570,590,740,350,410
"306",306,1659,"E07000225","45","45UD","Chichester","SOUTH EAST ",600,480,380,610,220,360
"307",307,1660,"E07000226","45","45UE","Crawley","SOUTH EAST ",520,520,320,660,200,380
"308",308,1661,"E07000227","45","45UF","Horsham","SOUTH EAST ",570,420,340,520,230,320
"309",309,1662,"E07000228","45","45UG","Mid Sussex","SOUTH EAST ",560,390,340,480,210,290
"310",310,1663,"E07000229","45","45UH","Worthing","SOUTH EAST ",650,600,370,700,280,500
"311",311,1664,"E06000040","ME","00ME","Windsor and Maidenhead","SOUTH EAST ",610,420,400,560,200,280
"312",312,1665,"E06000041","MF","00MF","Wokingham","SOUTH EAST ",530,340,310,400,220,280
"313",313,1668,"E06000022","HA","00HA","Bath and North East Somerset","SOUTH WEST ",970,540,600,680,380,410
"314",314,1669,"E06000028","HN","00HN","Bournemouth","SOUTH WEST ",1230,650,780,830,450,480
"315",315,1670,"E06000023","HB","00HB","Bristol, City of","SOUTH WEST ",2760,690,1790,910,970,470
"316",316,1671,"E06000052","HE","00HE","Cornwall","SOUTH WEST ",3620,640,2210,800,1410,490
"317",317,1672,"E06000053","HF","00HF","Isles of Scilly","SOUTH WEST ",20,820,10,1010,10,640
"318",318,1673,"E10000008","18","","Devon","SOUTH WEST ",4920,600,2900,720,2020,490
"319",319,1674,"E07000040","18","18UB","East Devon","SOUTH WEST ",910,600,540,700,370,500
"320",320,1675,"E07000041","18","18UC","Exeter","SOUTH WEST ",760,670,420,760,340,570
"321",321,1676,"E07000042","18","18UD","Mid Devon","SOUTH WEST ",470,550,290,700,170,410
"322",322,1677,"E07000043","18","18UE","North Devon","SOUTH WEST ",670,680,380,770,290,580
"323",323,1678,"E07000044","18","18UG","South Hams","SOUTH WEST ",510,540,320,680,200,410
"324",324,1679,"E07000045","18","18UH","Teignbridge","SOUTH WEST ",820,610,490,740,330,470
"325",325,1680,"E07000046","18","18UK","Torridge","SOUTH WEST ",460,640,260,760,190,530
"326",326,1681,"E07000047","18","18UL","West Devon","SOUTH WEST ",330,560,190,660,140,460
"327",327,1682,"E10000009","19","","Dorset","SOUTH WEST ",2270,500,1430,630,840,370
"328",328,1683,"E07000048","19","19UC","Christchurch","SOUTH WEST ",320,570,180,660,140,490
"329",329,1684,"E07000049","19","19UD","East Dorset","SOUTH WEST ",450,450,290,590,160,300
"330",330,1685,"E07000050","19","19UE","North Dorset","SOUTH WEST ",330,440,220,580,110,310
"331",331,1686,"E07000051","19","19UG","Purbeck","SOUTH WEST ",280,570,180,730,100,410
"332",332,1687,"E07000052","19","19UH","West Dorset","SOUTH WEST ",520,460,320,580,200,350
"333",333,1688,"E07000053","19","19UJ","Weymouth and Portland","SOUTH WEST ",380,570,240,710,140,430
"334",334,1689,"E10000013","23","","Gloucestershire","SOUTH WEST ",3930,620,2250,720,1680,530
"335",335,1690,"E07000078","23","23UB","Cheltenham","SOUTH WEST ",810,700,450,800,350,600
"336",336,1691,"E07000079","23","23UC","Cotswold","SOUTH WEST ",520,550,310,670,210,440
"337",337,1692,"E07000080","23","23UD","Forest of Dean","SOUTH WEST ",510,560,290,650,210,470
"338",338,1693,"E07000081","23","23UE","Gloucester","SOUTH WEST ",870,730,510,860,370,600
"339",339,1694,"E07000082","23","23UF","Stroud","SOUTH WEST ",680,560,380,630,300,490
"340",340,1695,"E07000083","23","23UG","Tewkesbury","SOUTH WEST ",540,600,310,700,230,510
"341",341,1696,"E06000024","HC","00HC","North Somerset","SOUTH WEST ",1150,530,670,620,480,430
"342",342,1697,"E06000026","HG","00HG","Plymouth","SOUTH WEST ",1750,680,1050,830,700,530
"343",343,1698,"E06000029","HP","00HP","Poole","SOUTH WEST ",860,560,530,690,330,420
"344",344,1699,"E10000027","40","","Somerset","SOUTH WEST ",3380,590,1950,690,1430,500
"345",345,1700,"E07000187","40","40UB","Mendip","SOUTH WEST ",640,560,370,660,270,470
"346",346,1701,"E07000188","40","40UC","Sedgemoor","SOUTH WEST ",650,530,390,650,260,420
"347",347,1702,"E07000189","40","40UD","South Somerset","SOUTH WEST ",1120,650,630,720,500,570
"348",348,1703,"E07000190","40","40UE","Taunton Deane","SOUTH WEST ",740,630,430,750,310,530
"349",349,1704,"E07000191","40","40UF","West Somerset","SOUTH WEST ",220,540,130,660,80,420
"350",350,1705,"E06000025","HD","00HD","South Gloucestershire","SOUTH WEST ",1280,470,780,580,500,360
"351",351,1706,"E06000030","HX","00HX","Swindon","SOUTH WEST ",1230,600,720,700,510,490
"352",352,1707,"E06000027","HH","00HH","Torbay","SOUTH WEST ",1110,790,690,1000,420,590
"353",353,1708,"E06000054","HY","00HY","Wiltshire","SOUTH WEST ",2510,520,1540,640,980,400
